,index,Finding Labels
0,No Finding,60361
1,Infiltration,9547
2,Atelectasis,4215
3,Effusion,3955
4,Nodule,2705
5,Pneumothorax,2194
6,Mass,2139
7,Effusion|Infiltration,1603
8,Atelectasis|Infiltration,1350
9,Consolidation,1310
10,Atelectasis|Effusion,1165
11,Pleural_Thickening,1126
12,Cardiomegaly,1093
13,Emphysema,892
14,Infiltration|Nodule,829
15,Atelectasis|Effusion|Infiltration,737
16,Fibrosis,727
17,Edema,628
18,Cardiomegaly|Effusion,484
19,Consolidation|Infiltration,441
20,Infiltration|Mass,420
21,Effusion|Pneumothorax,403
22,Effusion|Mass,402
23,Atelectasis|Consolidation,398
24,Mass|Nodule,394
25,Edema|Infiltration,392
26,Infiltration|Pneumothorax,345
27,Emphysema|Pneumothorax,337
28,Consolidation|Effusion,337
29,Pneumonia,322
30,Effusion|Pleural_Thickening,251
31,Effusion|Nodule,249
32,Atelectasis|Pneumothorax,240
33,Infiltration|Pleural_Thickening,210
34,Atelectasis|Consolidation|Effusion,200
35,Cardiomegaly|Infiltration,200
36,Infiltration|Pneumonia,199
37,Atelectasis|Nodule,199
38,Edema|Effusion,189
39,Fibrosis|Infiltration,185
40,Mass|Pneumothorax,178
41,Atelectasis|Mass,175
42,Consolidation|Mass,151
43,Nodule|Pleural_Thickening,140
44,Edema|Infiltration|Pneumonia,137
45,Consolidation|Effusion|Infiltration,134
46,Mass|Pleural_Thickening,132
47,Nodule|Pneumothorax,130
48,Consolidation|Nodule,128
49,Edema|Effusion|Infiltration,127
50,Emphysema|Infiltration,126
51,Cardiomegaly|Effusion|Infiltration,120
52,Atelectasis|Emphysema,117
53,Atelectasis|Pleural_Thickening,117
54,Hernia,110
55,Atelectasis|Pneumonia,108
56,Effusion|Infiltration|Nodule,106
57,Atelectasis|Consolidation|Infiltration,104
58,Atelectasis|Fibrosis,104
59,Atelectasis|Effusion|Pneumothorax,99
60,Effusion|Infiltration|Mass,99
61,Effusion|Emphysema,96
62,Atelectasis|Cardiomegaly,88
63,Effusion|Infiltration|Pneumothorax,88
64,Edema|Pneumonia,83
65,Atelectasis|Consolidation|Effusion|Infiltration,81
66,Pleural_Thickening|Pneumothorax,79
67,Emphysema|Infiltration|Pneumothorax,72
68,Atelectasis|Effusion|Mass,72
69,Atelectasis|Infiltration|Pneumothorax,71
70,Effusion|Infiltration|Pleural_Thickening,71
71,Fibrosis|Pleural_Thickening,70
72,Atelectasis|Cardiomegaly|Effusion,68
73,Atelectasis|Infiltration|Mass,67
74,Infiltration|Mass|Nodule,67
75,Emphysema|Mass,66
76,Fibrosis|Nodule,66
77,Effusion|Mass|Nodule,65
78,Consolidation|Effusion|Mass,65
79,Effusion|Fibrosis,59
80,Atelectasis|Infiltration|Nodule,57
81,Effusion|Pneumonia,54
82,Atelectasis|Cardiomegaly|Effusion|Infiltration,54
83,Atelectasis|Emphysema|Pneumothorax,54
84,Consolidation|Pneumothorax,49
85,Consolidation|Edema,49
86,Atelectasis|Edema,48
87,Atelectasis|Effusion|Pleural_Thickening,47
88,Effusion|Emphysema|Pneumothorax,47
89,Consolidation|Infiltration|Nodule,47
90,Emphysema|Pleural_Thickening,46
91,Consolidation|Pleural_Thickening,46
92,Atelectasis|Infiltration|Pleural_Thickening,45
93,Atelectasis|Effusion|Infiltration|Pneumothorax,44
94,Atelectasis|Effusion|Nodule,43
95,Effusion|Infiltration|Pneumonia,42
96,Consolidation|Infiltration|Mass,42
97,Atelectasis|Effusion|Infiltration|Pleural_Thickening,41
98,Cardiomegaly|Consolidation,40
99,Atelectasis|Emphysema|Infiltration,39
100,Effusion|Mass|Pleural_Thickening,38
101,Atelectasis|Effusion|Infiltration|Mass,38
102,Atelectasis|Consolidation|Effusion|Mass,37
103,Consolidation|Pneumonia,36
104,Cardiomegaly|Edema,35
105,Atelectasis|Edema|Infiltration,35
106,Effusion|Pleural_Thickening|Pneumothorax,34
107,Cardiomegaly|Effusion|Pleural_Thickening,34
108,Atelectasis|Infiltration|Pneumonia,34
109,Atelectasis|Consolidation|Mass,34
110,Fibrosis|Mass,34
111,Effusion|Nodule|Pleural_Thickening,31
112,Edema|Infiltration|Nodule,31
113,Atelectasis|Cardiomegaly|Infiltration,31
114,Infiltration|Nodule|Pneumothorax,31
115,Emphysema|Nodule,29
116,Infiltration|Nodule|Pleural_Thickening,29
117,Mass|Nodule|Pleural_Thickening,28
118,Edema|Nodule,28
119,Consolidation|Effusion|Nodule,28
120,Emphysema|Mass|Pneumothorax,28
121,Atelectasis|Emphysema|Infiltration|Pneumothorax,27
122,Atelectasis|Effusion|Emphysema,26
123,Infiltration|Mass|Pleural_Thickening,25
124,Consolidation|Edema|Infiltration,25
125,Consolidation|Fibrosis,24
126,Atelectasis|Edema|Effusion|Infiltration,24
127,Effusion|Emphysema|Infiltration,24
128,Consolidation|Mass|Nodule,24
129,Atelectasis|Effusion|Pneumonia,23
130,Atelectasis|Consolidation|Pneumothorax,23
131,Fibrosis|Pneumothorax,23
132,Edema|Infiltration|Mass,23
133,Effusion|Mass|Pneumothorax,23
134,Cardiomegaly|Nodule,22
135,Infiltration|Pleural_Thickening|Pneumothorax,22
136,Cardiomegaly|Consolidation|Effusion,22
137,Atelectasis|Edema|Effusion,22
138,Effusion|Infiltration|Mass|Nodule,22
139,Consolidation|Effusion|Pneumothorax,22
140,Atelectasis|Fibrosis|Infiltration,21
141,Atelectasis|Mass|Nodule,21
142,Atelectasis|Hernia,21
143,Edema|Effusion|Infiltration|Pneumonia,21
144,Atelectasis|Effusion|Infiltration|Nodule,21
145,Consolidation|Emphysema,20
146,Emphysema|Nodule|Pneumothorax,20
147,Consolidation|Infiltration|Pneumothorax,20
148,Nodule|Pneumonia,19
149,Consolidation|Infiltration|Pleural_Thickening,19
150,Edema|Effusion|Pneumonia,19
151,Cardiomegaly|Emphysema,19
152,Mass|Nodule|Pneumothorax,18
153,Atelectasis|Effusion|Emphysema|Infiltration,18
154,Cardiomegaly|Mass,18
155,Atelectasis|Pleural_Thickening|Pneumothorax,18
156,Edema|Mass,18
157,Cardiomegaly|Edema|Effusion,18
158,Atelectasis|Effusion|Infiltration|Pneumonia,18
159,Effusion|Infiltration|Nodule|Pleural_Thickening,17
160,Atelectasis|Consolidation|Nodule,16
161,Atelectasis|Consolidation|Pleural_Thickening,16
162,Atelectasis|Consolidation|Effusion|Mass|Nodule,16
163,Effusion|Fibrosis|Infiltration,16
164,Fibrosis|Nodule|Pleural_Thickening,16
165,Fibrosis|Infiltration|Nodule,16
166,Atelectasis|Mass|Pneumothorax,16
167,Effusion|Infiltration|Mass|Pleural_Thickening,16
168,Emphysema|Infiltration|Mass,16
169,Fibrosis|Infiltration|Pleural_Thickening,16
170,Hernia|Mass,15
171,Atelectasis|Consolidation|Pneumonia,15
172,Atelectasis|Emphysema|Mass,15
173,Edema|Pleural_Thickening,15
174,Edema|Effusion|Mass,15
175,Consolidation|Effusion|Infiltration|Mass,15
176,Cardiomegaly|Effusion|Nodule,15
177,Effusion|Nodule|Pneumothorax,15
178,Consolidation|Effusion|Infiltration|Nodule,15
179,Hernia|Infiltration,15
180,Infiltration|Mass|Pneumothorax,15
181,Atelectasis|Effusion|Emphysema|Pneumothorax,15
182,Mass|Pleural_Thickening|Pneumothorax,15
183,Atelectasis|Effusion|Fibrosis,15
184,Atelectasis|Effusion|Mass|Nodule,15
185,Cardiomegaly|Effusion|Mass,14
186,Cardiomegaly|Pleural_Thickening,14
187,Effusion|Emphysema|Pleural_Thickening,13
188,Consolidation|Infiltration|Mass|Nodule,13
189,Atelectasis|Consolidation|Effusion|Infiltration|Mass|Nodule,13
190,Edema|Emphysema,13
191,Emphysema|Fibrosis,13
192,Emphysema|Pleural_Thickening|Pneumothorax,13
193,Consolidation|Infiltration|Pneumonia,13
194,Cardiomegaly|Consolidation|Infiltration,12
195,Atelectasis|Cardiomegaly|Consolidation|Effusion|Infiltration,12
196,Effusion|Emphysema|Infiltration|Pneumothorax,12
197,Atelectasis|Nodule|Pleural_Thickening,12
198,Consolidation|Effusion|Mass|Nodule,11
199,Infiltration|Nodule|Pneumonia,11
200,Pleural_Thickening|Pneumonia,11
201,Fibrosis|Mass|Nodule,11
202,Mass|Pneumonia,11
203,Atelectasis|Consolidation|Effusion|Mass|Pleural_Thickening,11
204,Consolidation|Effusion|Pleural_Thickening,11
205,Consolidation|Edema|Effusion,11
206,Effusion|Infiltration|Nodule|Pneumothorax,10
207,Effusion|Emphysema|Mass,10
208,Atelectasis|Consolidation|Infiltration|Mass,10
209,Edema|Effusion|Nodule,10
210,Cardiomegaly|Edema|Infiltration,10
211,Atelectasis|Infiltration|Mass|Pleural_Thickening,10
212,Cardiomegaly|Effusion|Fibrosis,10
213,Consolidation|Emphysema|Pneumothorax,10
214,Consolidation|Mass|Pleural_Thickening,10
215,Atelectasis|Consolidation|Emphysema,10
216,Effusion|Fibrosis|Pneumothorax,10
217,Edema|Effusion|Infiltration|Pleural_Thickening,10
218,Cardiomegaly|Edema|Effusion|Infiltration,10
219,Cardiomegaly|Effusion|Infiltration|Nodule,10
220,Consolidation|Effusion|Infiltration|Pleural_Thickening,10
221,Atelectasis|Cardiomegaly|Consolidation,10
222,Atelectasis|Consolidation|Effusion|Pleural_Thickening,9
223,Atelectasis|Consolidation|Edema|Effusion,9
224,Effusion|Mass|Nodule|Pneumothorax,9
225,Fibrosis|Infiltration|Pneumothorax,9
226,Atelectasis|Nodule|Pneumothorax,9
227,Atelectasis|Effusion|Infiltration|Mass|Nodule,9
228,Cardiomegaly|Pneumothorax,9
229,Effusion|Infiltration|Mass|Pneumothorax,9
230,Cardiomegaly|Effusion|Emphysema,9
231,Atelectasis|Consolidation|Effusion|Nodule,9
232,Atelectasis|Cardiomegaly|Consolidation|Effusion,9
233,Consolidation|Fibrosis|Infiltration,9
234,Edema|Effusion|Infiltration|Nodule,9
235,Atelectasis|Fibrosis|Nodule,8
236,Infiltration|Mass|Nodule|Pneumothorax,8
237,Atelectasis|Infiltration|Mass|Nodule,8
238,Edema|Mass|Nodule,8
239,Effusion|Infiltration|Mass|Nodule|Pleural_Thickening,8
240,Cardiomegaly|Pneumonia,8
241,Consolidation|Effusion|Pneumonia,8
242,Atelectasis|Fibrosis|Pleural_Thickening,8
243,Atelectasis|Consolidation|Emphysema|Pneumothorax,8
244,Effusion|Fibrosis|Pleural_Thickening,8
245,Cardiomegaly|Consolidation|Effusion|Infiltration,8
246,Emphysema|Infiltration|Nodule,8
247,Effusion|Fibrosis|Mass,8
248,Effusion|Mass|Nodule|Pleural_Thickening,8
249,Infiltration|Mass|Pneumonia,8
250,Infiltration|Mass|Nodule|Pleural_Thickening,8
251,Atelectasis|Infiltration|Nodule|Pneumothorax,7
252,Cardiomegaly|Infiltration|Nodule,7
253,Atelectasis|Consolidation|Effusion|Infiltration|Mass|Pleural_Thickening,7
254,Cardiomegaly|Effusion|Pneumonia,7
255,Emphysema|Infiltration|Pleural_Thickening,7
256,Atelectasis|Consolidation|Effusion|Pneumothorax,7
257,Atelectasis|Fibrosis|Infiltration|Mass,7
258,Consolidation|Fibrosis|Pleural_Thickening,7
259,Consolidation|Mass|Pneumothorax,7
260,Atelectasis|Mass|Pleural_Thickening,7
261,Fibrosis|Pleural_Thickening|Pneumothorax,7
262,Cardiomegaly|Fibrosis,7
263,Consolidation|Effusion|Infiltration|Mass|Nodule,7
264,Consolidation|Nodule|Pleural_Thickening,6
265,Edema|Pneumothorax,6
266,Edema|Infiltration|Pleural_Thickening|Pneumonia,6
267,Atelectasis|Consolidation|Edema,6
268,Emphysema|Infiltration|Pleural_Thickening|Pneumothorax,6
269,Consolidation|Mass|Nodule|Pleural_Thickening,6
270,Atelectasis|Cardiomegaly|Fibrosis,6
271,Atelectasis|Cardiomegaly|Effusion|Infiltration|Pleural_Thickening,6
272,Hernia|Nodule,6
273,Consolidation|Fibrosis|Nodule,6
274,Consolidation|Infiltration|Mass|Pleural_Thickening,6
275,Emphysema|Infiltration|Mass|Pneumothorax,6
276,Nodule|Pleural_Thickening|Pneumothorax,6
277,Atelectasis|Cardiomegaly|Effusion|Infiltration|Nodule,6
278,Cardiomegaly|Infiltration|Pleural_Thickening,6
279,Consolidation|Nodule|Pneumothorax,6
280,Atelectasis|Consolidation|Effusion|Infiltration|Pleural_Thickening,6
281,Atelectasis|Edema|Infiltration|Pneumonia,6
282,Cardiomegaly|Fibrosis|Infiltration,6
283,Atelectasis|Effusion|Nodule|Pneumothorax,6
284,Atelectasis|Infiltration|Pleural_Thickening|Pneumothorax,6
285,Atelectasis|Effusion|Infiltration|Mass|Pneumothorax,6
286,Edema|Infiltration|Mass|Pneumonia,6
287,Atelectasis|Effusion|Pleural_Thickening|Pneumothorax,5
288,Effusion|Emphysema|Nodule,5
289,Fibrosis|Pneumonia,5
290,Emphysema|Mass|Pleural_Thickening,5
291,Cardiomegaly|Effusion|Emphysema|Pneumothorax,5
292,Effusion|Hernia,5
293,Mass|Nodule|Pneumonia,5
294,Cardiomegaly|Effusion|Infiltration|Pleural_Thickening,5
295,Fibrosis|Infiltration|Mass,5
296,Effusion|Emphysema|Infiltration|Pleural_Thickening,5
297,Consolidation|Effusion|Infiltration|Pneumonia,5
298,Atelectasis|Effusion|Nodule|Pleural_Thickening,5
299,Atelectasis|Infiltration|Mass|Pneumothorax,5
300,Atelectasis|Hernia|Pneumothorax,5
301,Emphysema|Pneumonia,5
302,Effusion|Mass|Pleural_Thickening|Pneumothorax,5
303,Consolidation|Edema|Effusion|Infiltration,5
304,Atelectasis|Consolidation|Effusion|Emphysema,5
305,Emphysema|Mass|Nodule,5
306,Consolidation|Effusion|Infiltration|Pneumothorax,5
307,Infiltration|Pneumonia|Pneumothorax,5
308,Atelectasis|Nodule|Pneumonia,5
309,Consolidation|Emphysema|Infiltration,5
310,Atelectasis|Effusion|Mass|Pleural_Thickening,5
311,Atelectasis|Consolidation|Effusion|Infiltration|Mass,5
312,Atelectasis|Consolidation|Effusion|Infiltration|Pneumothorax,5
313,Cardiomegaly|Effusion|Infiltration|Mass,4
314,Atelectasis|Cardiomegaly|Consolidation|Infiltration,4
315,Atelectasis|Consolidation|Edema|Infiltration|Pneumonia,4
316,Atelectasis|Effusion|Mass|Pneumothorax,4
317,Edema|Mass|Pneumonia,4
318,Atelectasis|Emphysema|Mass|Pneumothorax,4
319,Cardiomegaly|Edema|Infiltration|Nodule,4
320,Atelectasis|Emphysema|Infiltration|Pleural_Thickening|Pneumothorax,4
321,Atelectasis|Emphysema|Pleural_Thickening,4
322,Atelectasis|Consolidation|Effusion|Emphysema|Infiltration|Mass,4
323,Effusion|Infiltration|Nodule|Pleural_Thickening|Pneumothorax,4
324,Consolidation|Emphysema|Mass,4
325,Cardiomegaly|Effusion|Infiltration|Pneumothorax,4
326,Atelectasis|Cardiomegaly|Effusion|Nodule,4
327,Atelectasis|Cardiomegaly|Effusion|Pleural_Thickening,4
328,Atelectasis|Consolidation|Infiltration|Nodule,4
329,Atelectasis|Consolidation|Effusion|Fibrosis,4
330,Atelectasis|Consolidation|Infiltration|Pneumonia,4
331,Atelectasis|Effusion|Infiltration|Mass|Pleural_Thickening,4
332,Atelectasis|Effusion|Emphysema|Pleural_Thickening,4
333,Consolidation|Fibrosis|Mass|Pleural_Thickening,4
334,Emphysema|Fibrosis|Pneumothorax,4
335,Atelectasis|Cardiomegaly|Effusion|Mass,4
336,Edema|Emphysema|Infiltration|Pneumonia,4
337,Atelectasis|Consolidation|Edema|Effusion|Infiltration,4
338,Infiltration|Pleural_Thickening|Pneumonia,4
339,Atelectasis|Infiltration|Nodule|Pleural_Thickening,4
340,Edema|Infiltration|Pneumonia|Pneumothorax,4
341,Edema|Effusion|Infiltration|Mass,4
342,Consolidation|Effusion|Mass|Nodule|Pleural_Thickening,4
343,Cardiomegaly|Infiltration|Pneumothorax,4
344,Atelectasis|Emphysema|Infiltration|Nodule|Pneumothorax,4
345,Consolidation|Edema|Effusion|Infiltration|Mass,4
346,Atelectasis|Effusion|Infiltration|Nodule|Pneumothorax,4
347,Consolidation|Effusion|Mass|Pneumothorax,4
348,Emphysema|Infiltration|Nodule|Pneumothorax,4
349,Atelectasis|Consolidation|Emphysema|Infiltration,4
350,Consolidation|Edema|Effusion|Mass,4
351,Effusion|Infiltration|Pleural_Thickening|Pneumonia,4
352,Atelectasis|Effusion|Hernia,4
353,Atelectasis|Effusion|Fibrosis|Infiltration,3
354,Atelectasis|Cardiomegaly|Effusion|Infiltration|Mass,3
355,Effusion|Infiltration|Nodule|Pneumonia,3
356,Atelectasis|Fibrosis|Mass,3
357,Atelectasis|Cardiomegaly|Edema|Effusion,3
358,Atelectasis|Consolidation|Infiltration|Pneumothorax,3
359,Atelectasis|Consolidation|Fibrosis,3
360,Effusion|Fibrosis|Nodule|Pleural_Thickening,3
361,Effusion|Emphysema|Pleural_Thickening|Pneumothorax,3
362,Cardiomegaly|Effusion|Emphysema|Mass,3
363,Cardiomegaly|Consolidation|Pneumonia,3
364,Cardiomegaly|Mass|Pleural_Thickening,3
365,Cardiomegaly|Consolidation|Edema|Effusion,3
366,Cardiomegaly|Edema|Effusion|Infiltration|Pneumonia,3
367,Consolidation|Infiltration|Mass|Pneumothorax,3
368,Atelectasis|Edema|Nodule,3
369,Pneumonia|Pneumothorax,3
370,Effusion|Pneumonia|Pneumothorax,3
371,Cardiomegaly|Effusion|Fibrosis|Infiltration,3
372,Fibrosis|Infiltration|Pleural_Thickening|Pneumothorax,3
373,Atelectasis|Cardiomegaly|Pleural_Thickening,3
374,Fibrosis|Mass|Pleural_Thickening,3
375,Cardiomegaly|Consolidation|Effusion|Mass|Nodule,3
376,Consolidation|Emphysema|Pleural_Thickening,3
377,Atelectasis|Consolidation|Effusion|Emphysema|Infiltration,3
378,Atelectasis|Cardiomegaly|Effusion|Nodule|Pleural_Thickening,3
379,Atelectasis|Cardiomegaly|Consolidation|Effusion|Mass,3
380,Emphysema|Nodule|Pleural_Thickening,3
381,Atelectasis|Effusion|Pneumonia|Pneumothorax,3
382,Cardiomegaly|Effusion|Mass|Nodule,3
383,Cardiomegaly|Edema|Mass,3
384,Atelectasis|Effusion|Emphysema|Mass|Pleural_Thickening,3
385,Atelectasis|Effusion|Infiltration|Pleural_Thickening|Pneumothorax,3
386,Mass|Atelectasis,3
387,Cardiomegaly|Edema|Infiltration|Pneumonia,3
388,Cardiomegaly|Effusion|Pneumothorax,3
389,Consolidation|Effusion|Emphysema|Nodule|Pneumothorax,3
390,Effusion|Nodule|Pleural_Thickening|Pneumothorax,3
391,Atelectasis|Consolidation|Infiltration|Mass|Pleural_Thickening,3
392,Atelectasis|Mass|Nodule|Pleural_Thickening,3
393,Atelectasis|Edema|Effusion|Infiltration|Pneumonia,3
394,Edema|Nodule|Pneumonia,3
395,Cardiomegaly|Consolidation|Edema,3
396,Fibrosis|Infiltration|Mass|Pleural_Thickening,3
397,Effusion|Infiltration|Pleural_Thickening|Pneumothorax,3
398,Consolidation|Edema|Infiltration|Pneumonia,3
399,Fibrosis|Infiltration|Mass|Nodule,3
400,Atelectasis|Consolidation|Effusion|Pneumonia,3
401,Atelectasis|Edema|Infiltration|Mass,3
402,Consolidation|Fibrosis|Infiltration|Nodule,3
403,Atelectasis|Emphysema|Infiltration|Mass|Pneumothorax,3
404,Consolidation|Effusion|Mass|Pleural_Thickening,3
405,Atelectasis|Consolidation|Nodule|Pleural_Thickening,3
406,Effusion|Mass|Pneumonia,3
407,Atelectasis|Edema|Infiltration|Nodule,3
408,Atelectasis|Cardiomegaly|Pneumonia,3
409,Atelectasis|Cardiomegaly|Edema,3
410,Fibrosis|Nodule|Pneumothorax,2
411,Atelectasis|Effusion|Emphysema|Infiltration|Pneumothorax,2
412,Consolidation|Emphysema|Infiltration|Pneumothorax,2
413,Atelectasis|Effusion|Fibrosis|Infiltration|Mass,2
414,Cardiomegaly|Infiltration|Pneumonia,2
415,Effusion|Infiltration|Mass|Pneumonia,2
416,Effusion|Emphysema|Infiltration|Pleural_Thickening|Pneumothorax,2
417,Consolidation|Edema|Infiltration|Mass,2
418,Effusion|Infiltration|Mass|Pleural_Thickening|Pneumonia,2
419,Cardiomegaly|Consolidation|Pleural_Thickening,2
420,Atelectasis|Effusion|Infiltration|Mass|Nodule|Pleural_Thickening|Pneumothorax,2
421,Consolidation|Fibrosis|Mass,2
422,Cardiomegaly|Effusion|Nodule|Pleural_Thickening,2
423,Emphysema|Pneumothorax|Mass,2
424,Atelectasis|Infiltration|Pleural_Thickening|Pneumonia,2
425,Atelectasis|Edema|Effusion|Infiltration|Mass,2
426,Atelectasis|Consolidation|Infiltration|Mass|Pneumonia,2
427,Effusion|Hernia|Infiltration,2
428,Edema|Effusion|Pneumothorax,2
429,Atelectasis|Effusion|Infiltration|Nodule|Pleural_Thickening,2
430,Cardiomegaly|Edema|Effusion|Mass|Nodule,2
431,Atelectasis|Fibrosis|Pneumothorax,2
432,Nodule|Pleural_Thickening|Mass,2
433,Edema|Effusion|Emphysema,2
434,Effusion|Infiltration|Atelectasis,2
435,Atelectasis|Cardiomegaly|Consolidation|Edema|Effusion|Pleural_Thickening,2
436,Edema|Effusion|Mass|Nodule,2
437,Pneumothorax|Infiltration,2
438,Hernia|Pneumothorax,2
439,Atelectasis|Emphysema|Pneumonia,2
440,Atelectasis|Cardiomegaly|Effusion|Pneumothorax,2
441,Atelectasis|Edema|Effusion|Nodule,2
442,Atelectasis|Cardiomegaly|Consolidation|Effusion|Infiltration|Mass|Pleural_Thickening,2
443,Nodule|Mass,2
444,Effusion|Emphysema|Mass|Pneumothorax,2
445,Effusion|Atelectasis,2
446,Cardiomegaly|Effusion|Mass|Pneumothorax,2
447,Nodule|Atelectasis,2
448,Cardiomegaly|Consolidation|Effusion|Mass,2
449,Atelectasis|Mass|Pleural_Thickening|Pneumothorax,2
450,Consolidation|Infiltration|Nodule|Pleural_Thickening,2
451,Cardiomegaly|Effusion|Mass|Pleural_Thickening,2
452,Effusion|Infiltration|Pneumonia|Pneumothorax,2
453,Infiltration|Mass|Nodule|Pleural_Thickening|Pneumothorax,2
454,Atelectasis|Emphysema|Nodule,2
455,Atelectasis|Effusion|Fibrosis|Pleural_Thickening,2
456,Atelectasis|Effusion|Emphysema|Mass,2
457,Infiltration|Mass|Pleural_Thickening|Pneumothorax,2
458,Consolidation|Effusion|Mass|Pneumonia,2
459,Effusion|Fibrosis|Infiltration|Nodule,2
460,Atelectasis|Consolidation|Effusion|Emphysema|Mass,2
461,Atelectasis|Cardiomegaly|Consolidation|Edema|Effusion|Infiltration,2
462,Edema|Effusion|Fibrosis|Infiltration|Mass,2
463,Atelectasis|Emphysema|Infiltration|Pneumonia,2
464,Cardiomegaly|Emphysema|Pneumothorax,2
465,Atelectasis|Edema|Infiltration|Pleural_Thickening,2
466,Atelectasis|Nodule|Mass,2
467,Atelectasis|Consolidation|Edema|Pneumonia,2
468,Atelectasis|Emphysema|Nodule|Pneumothorax,2
469,Atelectasis|Cardiomegaly|Effusion|Pneumonia,2
470,Hernia|Pleural_Thickening,2
471,Pneumothorax|Pneumonia,2
472,Cardiomegaly|Fibrosis|Nodule,2
473,Cardiomegaly|Effusion|Emphysema|Infiltration|Pneumothorax,2
474,Edema|Infiltration|Pleural_Thickening,2
475,Edema|Emphysema|Pneumothorax,2
476,Atelectasis|Hernia|Infiltration,2
477,Atelectasis|Hernia|Nodule,2
478,Hernia|Infiltration|Mass,2
479,Atelectasis|Emphysema|Infiltration|Mass,2
480,Consolidation|Infiltration|Pleural_Thickening|Pneumonia,2
481,Atelectasis|Effusion|Infiltration|Mass|Nodule|Pleural_Thickening,2
482,Fibrosis|Mass|Pneumothorax,2
483,Atelectasis|Emphysema|Pleural_Thickening|Pneumothorax,2
484,Cardiomegaly|Effusion|Fibrosis|Nodule,2
485,Atelectasis|Edema|Effusion|Pneumonia|Pneumothorax,2
486,Cardiomegaly|Hernia,2
487,Atelectasis|Consolidation|Infiltration|Mass|Nodule,2
488,Cardiomegaly|Effusion|Hernia,2
489,Effusion|Emphysema|Nodule|Pneumothorax,2
490,Consolidation|Infiltration|Mass|Pleural_Thickening|Pneumothorax,2
491,Cardiomegaly|Effusion|Fibrosis|Infiltration|Pleural_Thickening,2
492,Atelectasis|Consolidation|Effusion|Infiltration|Nodule,2
493,Atelectasis|Consolidation|Mass|Nodule,2
494,Atelectasis|Emphysema|Infiltration|Pleural_Thickening,2
495,Consolidation|Infiltration|Pleural_Thickening|Pneumothorax,2
496,Edema|Effusion|Infiltration|Pleural_Thickening|Pneumonia,2
497,Cardiomegaly|Edema|Effusion|Infiltration|Nodule,2
498,Atelectasis|Emphysema|Nodule|Pleural_Thickening,2
499,Cardiomegaly|Infiltration|Mass,2
500,Consolidation|Hernia,2
501,Consolidation|Edema|Infiltration|Nodule,2
502,Fibrosis|Hernia,2
503,Edema|Effusion|Nodule|Pneumonia,2
504,Cardiomegaly|Effusion|Fibrosis|Pleural_Thickening|Pneumothorax,2
505,Edema|Fibrosis,2
506,Atelectasis|Mass|Pneumonia,2
507,Effusion|Fibrosis|Pneumonia,2
508,Atelectasis|Consolidation|Fibrosis|Nodule,2
509,Atelectasis|Consolidation|Mass|Pneumothorax,2
510,Consolidation|Fibrosis|Pneumothorax,2
511,Edema|Pleural_Thickening|Pneumonia,2
512,Fibrosis|Mass|Nodule|Pleural_Thickening,2
513,Emphysema|Fibrosis|Hernia|Mass,1
514,Atelectasis|Cardiomegaly|Edema|Effusion|Infiltration,1
515,Cardiomegaly|Effusion|Nodule|Infiltration,1
516,Edema|Fibrosis|Infiltration|Mass,1
517,Cardiomegaly|Consolidation|Effusion|Infiltration|Nodule,1
518,Cardiomegaly|Consolidation|Effusion|Infiltration|Mass|Nodule,1
519,Consolidation|Mass|Pleural_Thickening|Pneumothorax,1
520,Infiltration|Mass|Nodule|Pneumonia,1
521,Atelectasis|Consolidation|Effusion|Fibrosis|Infiltration|Mass|Nodule|Pleural_Thickening|Pneumothorax,1
522,Consolidation|Infiltration|Mass|Nodule|Pleural_Thickening,1
523,Cardiomegaly|Consolidation|Effusion|Pleural_Thickening,1
524,Edema|Mass|Pleural_Thickening,1
525,Atelectasis|Emphysema|Mass|Pleural_Thickening|Pneumothorax,1
526,Atelectasis|Consolidation|Effusion|Infiltration|Mass|Nodule|Pleural_Thickening,1
527,Edema|Pneumonia|Pneumothorax,1
528,Atelectasis|Cardiomegaly|Effusion|Infiltration|Mass|Pleural_Thickening,1
529,Atelectasis|Emphysema|Fibrosis|Nodule|Pleural_Thickening|Pneumothorax,1
530,Edema|Infiltration|Nodule|Pleural_Thickening,1
531,Atelectasis|Cardiomegaly|Consolidation|Effusion|Mass|Nodule,1
532,Fibrosis|Infiltration|Nodule|Pleural_Thickening,1
533,Atelectasis|Consolidation|Effusion|Mass|Nodule|Pleural_Thickening,1
534,Emphysema|Infiltration|Atelectasis,1
535,Cardiomegaly|Infiltration|Nodule|Pneumothorax,1
536,Effusion|Nodule|Pneumothorax|Mass,1
537,Cardiomegaly|Consolidation|Effusion|Mass|Nodule|Pleural_Thickening,1
538,Cardiomegaly|Consolidation|Edema|Effusion|Mass|Nodule|Pleural_Thickening,1
539,Atelectasis|Emphysema|Fibrosis|Pleural_Thickening,1
540,Consolidation|Effusion|Infiltration|Mass|Nodule|Pleural_Thickening|Pneumothorax,1
541,Atelectasis|Consolidation|Mass|Nodule|Pleural_Thickening|Pneumothorax,1
542,Atelectasis|Consolidation|Nodule|Pleural_Thickening|Pneumothorax,1
543,Cardiomegaly|Consolidation|Effusion|Infiltration|Pleural_Thickening,1
544,Atelectasis|Edema|Infiltration|Nodule|Pleural_Thickening,1
545,Mass|Nodule|Atelectasis,1
546,Hernia|Infiltration|Pneumothorax,1
547,Atelectasis|Edema|Emphysema|Pneumothorax,1
548,Atelectasis|Cardiomegaly|Effusion|Fibrosis|Pleural_Thickening,1
549,Atelectasis|Cardiomegaly|Effusion|Mass|Nodule,1
550,Consolidation|Fibrosis|Infiltration|Pleural_Thickening|Mass,1
551,Effusion|Fibrosis|Nodule,1
552,Atelectasis|Cardiomegaly|Fibrosis|Mass|Pneumothorax,1
553,Fibrosis|Infiltration|Pneumonia,1
554,Atelectasis|Edema|Emphysema,1
555,Atelectasis|Effusion|Infiltration|Pneumothorax|Cardiomegaly,1
556,Consolidation|Mass|Nodule|Pneumothorax,1
557,Atelectasis|Cardiomegaly|Consolidation|Edema|Effusion|Mass,1
558,Atelectasis|Consolidation|Effusion|Fibrosis|Infiltration|Mass,1
559,Atelectasis|Emphysema|Infiltration|Mass|Pleural_Thickening|Pneumothorax,1
560,Atelectasis|Consolidation|Effusion|Fibrosis|Infiltration|Mass|Pleural_Thickening,1
561,Effusion|Emphysema|Mass|Nodule,1
562,Atelectasis|Mass|Nodule|Pneumothorax,1
563,Atelectasis|Consolidation|Effusion|Mass|Nodule|Pneumothorax,1
564,Atelectasis|Edema|Mass,1
565,Effusion|Emphysema|Nodule|Pleural_Thickening,1
566,Fibrosis|Infiltration|Nodule|Pneumonia,1
567,Atelectasis|Cardiomegaly|Effusion|Infiltration|Mass|Pneumothorax,1
568,Atelectasis|Cardiomegaly|Pneumothorax,1
569,Atelectasis|Consolidation|Emphysema|Mass|Nodule|Pleural_Thickening|Pneumothorax,1
570,Effusion|Fibrosis|Infiltration|Nodule|Pleural_Thickening|Pneumothorax,1
571,Effusion|Infiltration|Mass|Pleural_Thickening|Pneumothorax,1
572,Atelectasis|Emphysema|Fibrosis|Nodule,1
573,Effusion|Emphysema|Fibrosis|Mass|Nodule,1
574,Effusion|Fibrosis|Pleural_Thickening|Pneumothorax,1
575,Atelectasis|Cardiomegaly|Consolidation|Effusion|Mass|Pleural_Thickening,1
576,Cardiomegaly|Infiltration|Nodule|Pneumonia,1
577,Atelectasis|Cardiomegaly|Consolidation|Edema|Effusion|Infiltration|Mass|Nodule,1
578,Cardiomegaly|Effusion|Infiltration|Mass|Nodule|Pleural_Thickening,1
579,Consolidation|Edema|Effusion|Pneumothorax,1
580,Atelectasis|Consolidation|Infiltration|Nodule|Pleural_Thickening,1
581,Edema|Effusion|Emphysema|Infiltration|Mass,1
582,Atelectasis|Edema|Effusion|Pneumonia,1
583,Atelectasis|Consolidation|Emphysema|Mass|Pneumothorax,1
584,Atelectasis|Effusion|Emphysema|Infiltration|Pleural_Thickening|Pneumothorax,1
585,Atelectasis|Effusion|Emphysema|Infiltration|Pleural_Thickening,1
586,Emphysema|Pneumonia|Pneumothorax,1
587,Emphysema|Infiltration|Mass|Pleural_Thickening,1
588,Consolidation|Effusion|Infiltration|Mass|Pleural_Thickening,1
589,Atelectasis|Edema|Effusion|Infiltration|Pleural_Thickening,1
590,Atelectasis|Edema|Pneumonia,1
591,Consolidation|Effusion|Fibrosis|Mass|Nodule|Pleural_Thickening,1
592,Effusion|Fibrosis|Mass|Cardiomegaly,1
593,Emphysema|Infiltration|Mass|Nodule|Pleural_Thickening,1
594,Atelectasis|Emphysema|Infiltration|Pneumothorax|Pneumonia,1
595,Cardiomegaly|Effusion|Emphysema|Infiltration,1
596,Effusion|Emphysema|Mass|Pleural_Thickening,1
597,Emphysema|Mass|Nodule|Pleural_Thickening|Pneumothorax,1
598,Cardiomegaly|Infiltration|Mass|Nodule,1
599,Edema|Effusion|Pleural_Thickening|Pneumonia|Pneumothorax,1
600,Atelectasis|Cardiomegaly|Emphysema|Mass|Pneumothorax,1
601,Pleural_Thickening|Nodule,1
602,Mass|Nodule|Pneumonia|Pneumothorax,1
603,Atelectasis|Cardiomegaly|Consolidation|Effusion|Pneumothorax,1
604,Effusion|Emphysema|Infiltration|Pneumonia,1
605,Infiltration|Cardiomegaly,1
606,Atelectasis|Hernia|Infiltration|Mass|Nodule|Pneumothorax,1
607,Consolidation|Effusion|Emphysema,1
608,Consolidation|Pneumonia|Mass,1
609,Atelectasis|Effusion|Emphysema|Pleural_Thickening|Pneumothorax,1
610,Consolidation|Nodule|Pneumonia,1
611,Atelectasis|Nodule|Pleural_Thickening|Pneumothorax,1
612,Emphysema|Infiltration|Nodule|Pleural_Thickening|Pneumothorax,1
613,Cardiomegaly|Consolidation|Effusion|Pneumonia,1
614,Effusion|Nodule|Pleural_Thickening|Mass,1
615,Atelectasis|Emphysema|Fibrosis,1
616,Consolidation|Emphysema|Infiltration|Nodule,1
617,Hernia|Infiltration|Nodule,1
618,Cardiomegaly|Hernia|Mass,1
619,Atelectasis|Effusion|Infiltration|Pneumonia|Pneumothorax,1
620,Atelectasis|Cardiomegaly|Consolidation|Effusion|Infiltration|Mass,1
621,Emphysema|Mass|Nodule|Pleural_Thickening,1
622,Atelectasis|Emphysema|Fibrosis|Infiltration|Nodule|Pneumothorax,1
623,Pneumothorax|Mass,1
624,Atelectasis|Consolidation|Edema|Mass|Pleural_Thickening,1
625,Consolidation|Pleural_Thickening|Pneumothorax,1
626,Cardiomegaly|Edema|Effusion|Nodule,1
627,Atelectasis|Consolidation|Effusion|Emphysema|Nodule|Pneumothorax,1
628,Edema|Fibrosis|Infiltration,1
629,Effusion|Fibrosis|Mass|Nodule|Pleural_Thickening,1
630,Atelectasis|Cardiomegaly|Edema|Effusion|Infiltration|Pleural_Thickening,1
631,Cardiomegaly|Edema|Effusion|Fibrosis|Infiltration,1
632,Consolidation|Edema|Pleural_Thickening,1
633,Atelectasis|Cardiomegaly|Infiltration|Pneumothorax,1
634,Atelectasis|Consolidation|Effusion|Emphysema|Infiltration|Nodule,1
635,Effusion|Emphysema|Infiltration|Nodule|Pleural_Thickening,1
636,Mass|Infiltration|Pneumonia,1
637,Atelectasis|Consolidation|Pleural_Thickening|Pneumothorax,1
638,Hernia|Infiltration|Pleural_Thickening,1
639,Cardiomegaly|Nodule|Pneumonia,1
640,Edema|Infiltration|Mass|Pneumothorax,1
641,Edema|Effusion|Nodule|Mass,1
642,Effusion|Emphysema|Infiltration|Nodule,1
643,Pneumothorax|Atelectasis,1
644,Consolidation|Mass|Nodule|Pneumonia,1
645,Consolidation|Effusion|Mass|Nodule|Pneumothorax,1
646,Fibrosis|Hernia|Infiltration,1
647,Infiltration|Pneumothorax|Atelectasis,1
648,Edema|Emphysema|Infiltration|Pneumothorax,1
649,Atelectasis|Cardiomegaly|Effusion|Infiltration|Pneumothorax,1
650,Cardiomegaly|Consolidation|Effusion|Infiltration|Mass,1
651,Atelectasis|Edema|Effusion|Emphysema|Infiltration|Mass,1
652,Atelectasis|Consolidation|Edema|Effusion|Infiltration|Mass|Nodule|Pleural_Thickening|Pneumonia,1
653,Edema|Infiltration|Pleural_Thickening|Pneumonia|Pneumothorax,1
654,Atelectasis|Fibrosis|Infiltration|Pleural_Thickening,1
655,Emphysema|Nodule|Pleural_Thickening|Pneumothorax,1
656,Emphysema|Fibrosis|Infiltration|Pneumothorax,1
657,Infiltration|Mass|Pleural_Thickening|Pneumonia,1
658,Infiltration|Nodule|Pleural_Thickening|Pneumothorax,1
659,Atelectasis|Cardiomegaly|Effusion|Infiltration|Pneumonia,1
660,Atelectasis|Edema|Effusion|Mass|Pneumothorax,1
661,Consolidation|Pleural_Thickening|Infiltration,1
662,Atelectasis|Cardiomegaly|Edema|Effusion|Infiltration|Nodule|Pneumonia,1
663,Cardiomegaly|Consolidation|Edema|Effusion|Pleural_Thickening,1
664,Nodule|Effusion,1
665,Consolidation|Infiltration|Nodule|Pneumonia,1
666,Atelectasis|Hernia|Pleural_Thickening,1
667,Atelectasis|Edema|Mass|Pleural_Thickening,1
668,Atelectasis|Edema|Effusion|Hernia|Infiltration,1
669,Atelectasis|Cardiomegaly|Consolidation|Edema|Effusion|Infiltration|Mass,1
670,Cardiomegaly|Hernia|Infiltration,1
671,Atelectasis|Consolidation|Effusion|Fibrosis|Pleural_Thickening,1
672,Consolidation|Pneumonia|Pneumothorax,1
673,Effusion|Infiltration|Nodule|Mass|Pneumothorax,1
674,Consolidation|Effusion|Emphysema|Mass,1
675,Atelectasis|Cardiomegaly|Consolidation|Edema,1
676,Consolidation|Edema|Pneumothorax,1
677,Edema|Effusion|Pleural_Thickening|Pneumonia,1
678,Edema|Infiltration|Mass|Nodule|Pleural_Thickening,1
679,Effusion|Hernia|Mass,1
680,Cardiomegaly|Infiltration|Nodule|Mass,1
681,Edema|Emphysema|Infiltration|Mass|Pneumonia,1
682,Emphysema|Pneumothorax|Pneumonia,1
683,Consolidation|Effusion|Emphysema|Pneumothorax,1
684,Atelectasis|Consolidation|Effusion|Emphysema|Pneumothorax,1
685,Consolidation|Infiltration|Nodule|Pneumothorax,1
686,Cardiomegaly|Consolidation|Emphysema|Pneumothorax,1
687,Consolidation|Emphysema|Infiltration|Nodule|Pleural_Thickening,1
688,Effusion|Infiltration|Mass|Nodule|Pneumonia,1
689,Effusion|Pneumothorax|Pneumonia,1
690,Atelectasis|Consolidation|Effusion|Fibrosis|Infiltration|Pleural_Thickening,1
691,Atelectasis|Edema|Emphysema|Nodule,1
692,Effusion|Fibrosis|Infiltration|Pleural_Thickening,1
693,Atelectasis|Effusion|Emphysema|Mass|Pneumothorax,1
694,Edema|Infiltration|Mass|Nodule|Pneumonia,1
695,Atelectasis|Cardiomegaly|Edema|Infiltration,1
696,Consolidation|Emphysema|Mass|Pneumothorax,1
697,Consolidation|Mass|Pneumonia|Pneumothorax,1
698,Atelectasis|Cardiomegaly|Effusion|Fibrosis|Infiltration,1
699,Atelectasis|Effusion|Fibrosis|Pneumothorax,1
700,Atelectasis|Fibrosis|Infiltration|Nodule|Pneumothorax,1
701,Atelectasis|Consolidation|Effusion|Infiltration|Mass|Pneumothorax,1
702,Atelectasis|Consolidation|Infiltration|Pleural_Thickening|Pneumothorax,1
703,Atelectasis|Consolidation|Nodule|Pneumonia,1
704,Effusion|Pleural_Thickening|Pneumonia,1
705,Emphysema|Fibrosis|Hernia|Infiltration|Pleural_Thickening,1
706,Edema|Effusion|Pleural_Thickening,1
707,Consolidation|Edema|Infiltration|Pleural_Thickening|Pneumonia,1
708,Consolidation|Edema|Effusion|Pneumonia,1
709,Atelectasis|Edema|Effusion|Infiltration|Nodule|Pleural_Thickening,1
710,Atelectasis|Cardiomegaly|Effusion|Fibrosis|Nodule,1
711,Atelectasis|Cardiomegaly|Consolidation|Effusion|Infiltration|Pneumonia,1
712,Atelectasis|Edema|Pleural_Thickening,1
713,Atelectasis|Emphysema|Fibrosis|Mass|Pneumothorax,1
714,Fibrosis|Hernia|Mass,1
715,Edema|Infiltration|Mass|Pneumonia|Pneumothorax,1
716,Consolidation|Effusion|Infiltration|Mass|Nodule|Pleural_Thickening|Pneumonia,1
717,Atelectasis|Consolidation|Mass|Pneumonia,1
718,Emphysema|Hernia|Pleural_Thickening,1
719,Emphysema|Hernia,1
720,Atelectasis|Consolidation|Edema|Pneumonia|Pneumothorax,1
721,Emphysema|Fibrosis|Mass,1
722,Atelectasis|Fibrosis|Infiltration|Nodule,1
723,Edema|Effusion|Hernia|Infiltration,1
724,Hernia|Infiltration|Pneumonia,1
725,Atelectasis|Fibrosis|Hernia,1
726,Effusion|Hernia|Pneumonia,1
727,Consolidation|Hernia|Infiltration|Pneumonia,1
728,Atelectasis|Fibrosis|Infiltration|Mass|Nodule,1
729,Edema|Effusion|Emphysema|Infiltration,1
730,Consolidation|Hernia|Mass,1
731,Consolidation|Edema|Effusion|Mass|Nodule,1
732,Atelectasis|Emphysema|Pneumonia|Pneumothorax,1
733,Edema|Pneumonia|Infiltration,1
734,Atelectasis|Cardiomegaly|Fibrosis|Pleural_Thickening,1
735,Cardiomegaly|Consolidation|Mass,1
736,Cardiomegaly|Consolidation|Edema|Infiltration,1
737,Atelectasis|Consolidation|Emphysema|Infiltration|Pneumothorax,1
738,Consolidation|Effusion|Pleural_Thickening|Pneumothorax,1
739,Atelectasis|Cardiomegaly|Infiltration|Mass,1
740,Cardiomegaly|Consolidation|Edema|Effusion|Infiltration,1
741,Atelectasis|Edema|Effusion|Mass|Nodule,1
742,Atelectasis|Infiltration|Mass|Pneumonia,1
743,Cardiomegaly|Mass|Nodule,1
744,Emphysema|Fibrosis|Infiltration,1
745,Consolidation|Effusion|Infiltration|Pleural_Thickening|Pneumothorax,1
746,Atelectasis|Hernia|Mass,1
747,Atelectasis|Consolidation|Effusion|Fibrosis|Nodule,1
748,Effusion|Fibrosis|Infiltration|Pleural_Thickening|Pneumonia,1
749,Atelectasis|Consolidation|Effusion|Infiltration|Pleural_Thickening|Pneumothorax,1
750,Effusion|Fibrosis|Infiltration|Mass,1
751,Infiltration|Mass|Nodule|Pleural_Thickening|Effusion|Pneumonia,1
752,Consolidation|Effusion|Infiltration|Mass|Pneumothorax,1
753,Atelectasis|Consolidation|Effusion|Nodule|Pneumothorax,1
754,Atelectasis|Consolidation|Effusion|Infiltration|Pneumonia,1
755,Edema|Infiltration|Nodule|Pneumonia,1
756,Atelectasis|Consolidation|Emphysema|Mass|Pleural_Thickening,1
757,Edema|Effusion|Infiltration|Mass|Pneumonia,1
758,Effusion|Fibrosis|Mass|Nodule,1
759,Atelectasis|Consolidation|Edema|Infiltration,1
760,Cardiomegaly|Effusion|Infiltration|Mass|Pneumonia,1
761,Consolidation|Emphysema|Infiltration|Mass|Nodule,1
762,Atelectasis|Emphysema|Fibrosis|Mass,1
763,Atelectasis|Effusion|Hernia|Infiltration,1
764,Cardiomegaly|Edema|Effusion|Pleural_Thickening,1
765,Edema|Fibrosis|Infiltration|Mass|Nodule,1
766,Effusion|Mass|Nodule|Pleural_Thickening|Pneumothorax,1
767,Edema|Emphysema|Mass|Pneumothorax,1
768,Effusion|Mass|Nodule|Pneumonia,1
769,Atelectasis|Consolidation|Mass|Nodule|Pneumothorax,1
770,Consolidation|Emphysema|Pneumonia,1
771,Effusion|Nodule|Pneumonia,1
772,Atelectasis|Consolidation|Effusion|Emphysema|Fibrosis|Mass|Nodule,1
773,Consolidation|Effusion|Fibrosis|Mass,1
774,Atelectasis|Cardiomegaly|Edema|Effusion|Infiltration|Pneumothorax,1
775,Cardiomegaly|Edema|Effusion|Pneumonia,1
776,Emphysema|Mass|Nodule|Pneumothorax,1
777,Cardiomegaly|Edema|Nodule,1
778,Consolidation|Edema|Nodule,1
779,Consolidation|Emphysema|Infiltration|Nodule|Pleural_Thickening|Pneumothorax,1
780,Atelectasis|Cardiomegaly|Effusion|Mass|Pleural_Thickening,1
781,Atelectasis|Consolidation|Mass|Nodule|Pleural_Thickening,1
782,Edema|Effusion|Mass|Pneumothorax,1
783,Cardiomegaly|Consolidation|Effusion|Mass|Pneumothorax,1
784,Nodule|Pneumonia|Mass,1
785,Effusion|Emphysema|Fibrosis|Mass|Pneumothorax,1
786,Cardiomegaly|Effusion|Emphysema|Fibrosis,1
787,Cardiomegaly|Edema|Effusion|Infiltration|Mass|Pleural_Thickening|Pneumonia,1
788,Emphysema|Fibrosis|Mass|Pleural_Thickening|Pneumothorax,1
789,Edema|Effusion|Infiltration|Pneumothorax,1
790,Atelectasis|Consolidation|Mass|Pleural_Thickening,1
791,Infiltration|Effusion,1
792,Cardiomegaly|Consolidation|Nodule,1
793,Effusion|Emphysema|Infiltration|Mass|Nodule,1
794,Edema|Nodule|Pneumothorax,1
795,Consolidation|Fibrosis|Nodule|Pneumonia,1
796,Effusion|Hernia|Mass|Pleural_Thickening,1
797,Nodule|Pleural_Thickening|Pneumonia,1
798,Atelectasis|Mass|Nodule|Pneumonia,1
799,Effusion|Emphysema|Fibrosis|Nodule|Pneumothorax,1
800,Atelectasis|Emphysema|Fibrosis|Infiltration,1
801,Infiltration|Pneumothorax|Pneumonia,1
802,Effusion|Emphysema|Infiltration|Mass,1
803,Edema|Infiltration|Mass|Nodule,1
804,Atelectasis|Consolidation|Effusion|Infiltration|Mass|Nodule|Pneumothorax,1
805,Emphysema|Mass|Pneumonia|Pneumothorax,1
806,Cardiomegaly|Effusion|Infiltration|Pneumonia,1
807,Effusion|Emphysema|Infiltration|Nodule|Pneumothorax,1
808,Atelectasis|Consolidation|Infiltration|Pleural_Thickening,1
809,Atelectasis|Consolidation|Effusion|Fibrosis|Mass,1
810,Effusion|Pneumothorax|Mass,1
811,Atelectasis|Consolidation|Fibrosis|Infiltration,1
812,Cardiomegaly|Fibrosis|Pneumothorax,1
813,Cardiomegaly|Edema|Pleural_Thickening,1
814,Atelectasis|Cardiomegaly|Effusion|Fibrosis,1
815,Cardiomegaly|Consolidation|Effusion|Infiltration|Mass|Pleural_Thickening,1
816,Effusion|Hernia|Pleural_Thickening,1
817,Atelectasis|Effusion|Fibrosis|Infiltration|Nodule,1
818,Atelectasis|Consolidation|Effusion|Infiltration|Nodule|Pleural_Thickening,1
819,Atelectasis|Cardiomegaly|Consolidation|Effusion|Pleural_Thickening,1
820,Atelectasis|Cardiomegaly|Consolidation|Effusion|Infiltration|Nodule|Pleural_Thickening,1
821,Atelectasis|Consolidation|Edema|Effusion|Pneumonia,1
822,Cardiomegaly|Effusion|Fibrosis|Mass,1
823,Cardiomegaly|Edema|Effusion|Fibrosis|Hernia,1
824,Emphysema|Infiltration|Pneumonia,1
825,Consolidation|Effusion|Emphysema|Infiltration,1
826,Emphysema|Infiltration|Pleural_Thickening|Pneumonia,1
827,Effusion|Fibrosis|Mass|Pleural_Thickening,1
828,Consolidation|Effusion|Mass|Nodule|Pleural_Thickening|Atelectasis,1
829,Effusion|Mass|Pneumonia|Pneumothorax,1
830,Atelectasis|Consolidation|Edema|Effusion|Pleural_Thickening,1
831,Atelectasis|Consolidation|Edema|Effusion|Infiltration|Pneumonia,1
832,Atelectasis|Consolidation|Effusion|Emphysema|Mass|Pneumothorax,1
833,Cardiomegaly|Effusion|Pleural_Thickening|Pneumothorax,1
834,Edema|Infiltration|Pneumothorax,1
835,Atelectasis|Consolidation|Mass|Pleural_Thickening|Pneumothorax,1
